protein_name,0.0,0.3125,0.625,0.9375,1.25,1.5625,1.875,2.1875,2.5,2.8125,3.125,3.4375,3.75,4.0625,4.375,4.6875,5.0,5.625,6.25,6.875,7.5,8.125,8.75,9.375,10.0,10.625,11.25,11.875,12.5,13.125,13.75,14.375,15.0,15.9375,16.875,17.8125,18.75,19.6875,20.625,21.5625,22.5,23.4375,24.375,25.3125,26.25,27.1875,28.125,29.0625,30.0,31.875,33.75,35.625,37.5,39.375,41.25,43.125,45.0,46.875,48.75,50.625,52.5,54.375,56.25,58.125,60.0,63.75,67.5,71.25,75.0,78.75,82.5,86.25,90.0,93.75,97.5,101.25,105.0,108.75,112.5,116.25,120.0,127.5,135.0,142.5,150.0,157.5,165.0,172.5,180.0,187.5,195.0,202.5,210.0,217.5,225.0,232.5,240.0
4EBP1_pS65,0.736509,0.736695,0.736765,0.736728,0.73659,0.736356,0.736025,0.735593,0.735059,0.734419,0.733669,0.732808,0.731836,0.730753,0.729561,0.728262,0.726861,0.72377,0.720341,0.716646,0.712775,0.708827,0.704906,0.701103,0.6975,0.694154,0.691103,0.688366,0.685947,0.683839,0.682027,0.680491,0.67921,0.677718,0.676675,0.676012,0.675668,0.675587,0.675719,0.676024,0.676466,0.677023,0.677677,0.678417,0.679234,0.68012,0.681062,0.682044,0.683043,0.68499,0.686678,0.687888,0.68842,0.688111,0.686839,0.684545,0.681256,0.677091,0.672254,0.667004,0.661613,0.656324,0.651316,0.646693,0.642492,0.635247,0.629124,0.623605,0.618357,0.613266,0.608364,0.603752,0.599532,0.595784,0.592555,0.589861,0.587697,0.586037,0.584851,0.584097,0.583733,0.584006,0.585333,0.587403,0.589948,0.592742,0.595613,0.598435,0.60113,0.603659,0.606011,0.608196,0.610237,0.61216,0.613995,0.615767,0.6175
ACC_pS79,0.179402,0.178229,0.177137,0.176148,0.175289,0.174581,0.174046,0.173705,0.173573,0.173661,0.173977,0.174522,0.175289,0.176271,0.177451,0.178812,0.180331,0.183743,0.187467,0.191277,0.194955,0.198316,0.201218,0.203566,0.205314,0.206454,0.207011,0.20703,0.206569,0.205692,0.204464,0.202949,0.201203,0.198269,0.195093,0.191806,0.188521,0.185336,0.18233,0.179571,0.177106,0.174964,0.173157,0.171675,0.170497,0.169584,0.168891,0.16837,0.167971,0.167361,0.166772,0.166034,0.165084,0.163935,0.162656,0.161348,0.16014,0.159171,0.15858,0.158486,0.158974,0.16008,0.161794,0.164054,0.166763,0.173039,0.179624,0.185702,0.190782,0.194682,0.197449,0.199248,0.200289,0.200768,0.20085,0.20066,0.200292,0.199813,0.199271,0.198702,0.198134,0.197084,0.196234,0.195637,0.195299,0.195189,0.19526,0.195453,0.195712,0.195989,0.196246,0.196455,0.196596,0.196659,0.196638,0.196532,0.196344
AKT_pS473,0.392706,0.412617,0.433566,0.455251,0.477281,0.499221,0.520628,0.541089,0.560233,0.577759,0.593428,0.607069,0.618577,0.627905,0.635062,0.640112,0.643163,0.643919,0.638955,0.630247,0.619835,0.60957,0.600929,0.594954,0.592268,0.593154,0.597646,0.605618,0.616841,0.631033,0.647884,0.667066,0.688245,0.723018,0.76038,0.79918,0.838281,0.876567,0.912991,0.946612,0.976667,1.00262,1.024199,1.041401,1.05447,1.063836,1.07005,1.073707,1.075387,1.074798,1.071355,1.066765,1.0618,1.056783,1.051903,1.047325,1.04321,1.039682,1.036819,1.034636,1.033078,1.032021,1.031288,1.030672,1.029957,1.027521,1.023021,1.016329,1.007941,0.998577,0.98886,0.979176,0.969682,0.960397,0.951287,0.942327,0.933524,0.924921,0.916585,0.908596,0.901035,0.887475,0.876324,0.867751,0.861704,0.85796,0.856194,0.856036,0.857125,0.859141,0.861821,0.864959,0.868407,0.872059,0.875846,0.879727,0.883675
AKT_pT308,0.563263,0.581939,0.601518,0.621773,0.642378,0.662949,0.683073,0.702357,0.720442,0.73703,0.751882,0.764828,0.775761,0.784633,0.791453,0.796286,0.799239,0.800162,0.795851,0.788272,0.779452,0.771214,0.765006,0.761824,0.762242,0.766487,0.774535,0.786196,0.801179,0.81914,0.839707,0.862496,0.887126,0.926696,0.968309,1.010759,1.052886,1.093591,1.131863,1.16683,1.197803,1.224328,1.246211,1.263515,1.276525,1.285695,1.291576,1.294747,1.295762,1.29317,1.286623,1.277627,1.266817,1.254442,1.240693,1.225859,1.210377,1.194804,1.179752,1.165796,1.153379,1.142751,1.133951,1.126834,1.121123,1.112572,1.105762,1.099034,1.091751,1.08391,1.075715,1.067313,1.058738,1.049955,1.040916,1.031612,1.022084,1.012419,1.002734,0.993161,0.98383,0.966345,0.950997,0.938167,0.927936,0.920156,0.914541,0.910737,0.908395,0.907194,0.906876,0.907237,0.908126,0.909437,0.911093,0.913043,0.915249
AMPK_pT172,1.630816,1.622316,1.614472,1.607335,1.600939,1.595308,1.590458,1.586399,1.583139,1.580678,1.579006,1.578108,1.577954,1.578505,1.579713,1.581517,1.583852,1.589817,1.596979,1.604686,1.612312,1.619299,1.625206,1.629718,1.63265,1.633922,1.63354,1.631564,1.628091,1.623239,1.617138,1.609925,1.601744,1.587993,1.572958,1.557224,1.541405,1.526108,1.511888,1.499224,1.488481,1.479892,1.473563,1.469477,1.467513,1.467476,1.46912,1.472182,1.476401,1.487393,1.500594,1.515006,1.52998,1.545032,1.559743,1.573737,1.586712,1.598471,1.608945,1.618188,1.626323,1.633487,1.639769,1.645178,1.649645,1.655255,1.655634,1.650423,1.64015,1.626015,1.609518,1.592128,1.575061,1.559204,1.545111,1.533066,1.52316,1.515355,1.509541,1.505575,1.503299,1.503194,1.50802,1.516667,1.528121,1.541473,1.555929,1.570837,1.585681,1.600086,1.613792,1.626644,1.638559,1.649516,1.659533,1.668652,1.676929
BAD_pS112,0.578282,0.576921,0.575461,0.573913,0.57229,0.570606,0.568877,0.567117,0.565339,0.563556,0.561779,0.560015,0.558271,0.556552,0.554859,0.55319,0.551544,0.548304,0.545109,0.541943,0.538824,0.535796,0.532925,0.530279,0.527916,0.525879,0.524189,0.522851,0.521856,0.521185,0.520813,0.520713,0.520856,0.521468,0.522482,0.523831,0.52546,0.527325,0.529391,0.531631,0.534018,0.536528,0.539137,0.541823,0.544561,0.547328,0.550098,0.552849,0.55556,0.560784,0.565649,0.570076,0.574013,0.577421,0.580266,0.582512,0.584132,0.585105,0.58543,0.585131,0.58426,0.582897,0.581135,0.579076,0.576818,0.572043,0.567332,0.562953,0.558991,0.555451,0.552326,0.549623,0.547359,0.545543,0.544169,0.543212,0.542631,0.542379,0.542401,0.542645,0.54306,0.544224,0.545576,0.546882,0.547979,0.548771,0.549224,0.549346,0.549178,0.548778,0.548213,0.547546,0.546838,0.546137,0.545484,0.544907,0.544428
CHK1_pS345,0.263707,0.264268,0.264798,0.265301,0.265782,0.266247,0.266701,0.267148,0.267592,0.268034,0.268475,0.268915,0.269351,0.269782,0.270205,0.270617,0.271014,0.27175,0.272385,0.272889,0.273239,0.273419,0.273424,0.273256,0.272922,0.272436,0.271812,0.271068,0.270219,0.269282,0.268274,0.267209,0.266102,0.264396,0.262672,0.260974,0.259337,0.257793,0.256367,0.255075,0.253926,0.252919,0.252048,0.251303,0.250674,0.250147,0.249712,0.249359,0.249076,0.24869,0.248483,0.248386,0.248333,0.248273,0.248172,0.248018,0.247815,0.247584,0.247355,0.247165,0.247051,0.247043,0.247161,0.247409,0.24778,0.248813,0.250062,0.251332,0.252494,0.253485,0.254292,0.254934,0.255439,0.255838,0.256154,0.256406,0.256608,0.256769,0.256894,0.256988,0.257054,0.257106,0.257056,0.256899,0.256633,0.256253,0.255763,0.255172,0.254491,0.253736,0.252923,0.252069,0.251187,0.25029,0.249388,0.248489,0.247599
CHK2_pT68,0.217781,0.218401,0.218983,0.219531,0.220048,0.22054,0.221011,0.221468,0.221916,0.22236,0.222805,0.223256,0.223715,0.224184,0.224664,0.225153,0.22565,0.226646,0.227611,0.228488,0.229222,0.229768,0.230095,0.230188,0.230047,0.229683,0.229112,0.228354,0.227432,0.226366,0.225178,0.223891,0.222524,0.220369,0.218151,0.215936,0.213792,0.211781,0.209958,0.208373,0.207061,0.206048,0.205343,0.204948,0.20485,0.205033,0.205474,0.206148,0.20703,0.209327,0.2122,0.215523,0.219184,0.223077,0.227086,0.231078,0.234911,0.238443,0.241545,0.244125,0.246129,0.24755,0.248416,0.248782,0.248716,0.247574,0.245522,0.242976,0.24023,0.237473,0.234822,0.232345,0.230079,0.228037,0.226219,0.224611,0.223194,0.221949,0.220853,0.219891,0.219048,0.217675,0.216671,0.215992,0.215598,0.215448,0.215499,0.215711,0.216045,0.216471,0.216964,0.217506,0.218082,0.218683,0.219299,0.219926,0.220558
EGFR_pY1068,0.083952,0.085017,0.086119,0.08724,0.088363,0.089469,0.090541,0.091564,0.092525,0.093416,0.09423,0.094962,0.095612,0.096181,0.09667,0.097084,0.097429,0.097935,0.098246,0.098421,0.09851,0.098553,0.098575,0.098589,0.098603,0.098616,0.098628,0.098638,0.098646,0.098653,0.098662,0.098675,0.098694,0.098738,0.098807,0.098898,0.09901,0.099135,0.099263,0.099384,0.09949,0.099573,0.099629,0.099659,0.099665,0.09965,0.099621,0.099581,0.099534,0.099426,0.099311,0.099199,0.099106,0.099055,0.099076,0.099197,0.099444,0.099833,0.10037,0.10105,0.101857,0.102768,0.103752,0.104774,0.105796,0.107702,0.109228,0.110239,0.110704,0.110668,0.110207,0.109405,0.108335,0.107057,0.105624,0.104079,0.102462,0.10081,0.099152,0.097516,0.095923,0.092928,0.090249,0.087917,0.085927,0.084256,0.082873,0.081741,0.080829,0.080105,0.079541,0.079111,0.078794,0.078571,0.078427,0.078346,0.078318
EGFR_pY1173,0.453691,0.452578,0.451492,0.450432,0.4494,0.448396,0.447418,0.44647,0.445553,0.44467,0.443823,0.443018,0.442257,0.441545,0.440881,0.440269,0.439708,0.438731,0.437918,0.437219,0.436573,0.43592,0.43521,0.434413,0.433511,0.432502,0.431395,0.430203,0.428944,0.427635,0.426295,0.424943,0.423593,0.421608,0.419712,0.417946,0.416344,0.414933,0.413729,0.41274,0.411963,0.41139,0.411009,0.410805,0.410764,0.410874,0.411123,0.411502,0.412,0.413312,0.414966,0.41686,0.418889,0.420963,0.42301,0.424976,0.426823,0.428527,0.430082,0.431497,0.432794,0.434003,0.435152,0.436261,0.43734,0.439394,0.441222,0.442704,0.443776,0.444446,0.444782,0.444879,0.444832,0.444719,0.444594,0.444488,0.444418,0.444387,0.444391,0.444424,0.444477,0.444618,0.44476,0.444865,0.4449,0.444843,0.444677,0.444398,0.444009,0.443524,0.442958,0.442333,0.441668,0.440982,0.440291,0.439605,0.438936
EGFR_pY992,0.10517,0.10508,0.105077,0.105151,0.105294,0.105494,0.105739,0.106016,0.106315,0.106626,0.10694,0.10725,0.107552,0.107841,0.108116,0.108376,0.108621,0.109071,0.109483,0.109883,0.110298,0.110755,0.111276,0.111876,0.112562,0.113328,0.114166,0.115059,0.115989,0.116938,0.117889,0.118825,0.119734,0.121019,0.122187,0.123216,0.124091,0.124807,0.125363,0.125765,0.126024,0.126157,0.126183,0.126125,0.126007,0.125853,0.125684,0.125523,0.125388,0.125257,0.125386,0.125816,0.12655,0.127552,0.128764,0.130109,0.131499,0.132848,0.134074,0.135112,0.135916,0.136463,0.136749,0.136786,0.136595,0.135656,0.134188,0.132422,0.13053,0.12862,0.126755,0.124971,0.123285,0.121711,0.120257,0.118928,0.117726,0.11665,0.115699,0.114869,0.114152,0.113035,0.112291,0.111858,0.111676,0.111687,0.111839,0.11209,0.112402,0.112748,0.113108,0.113466,0.113813,0.114142,0.114452,0.114739,0.115005
ER-alpha_pS118,0.877045,0.881131,0.885087,0.88887,0.892436,0.895749,0.898776,0.901491,0.903877,0.905919,0.90761,0.908943,0.909916,0.910529,0.910783,0.910681,0.910228,0.9083,0.905086,0.900722,0.895391,0.889317,0.882745,0.875911,0.869018,0.862221,0.855625,0.849291,0.843246,0.837496,0.832036,0.82685,0.821923,0.814982,0.808541,0.802571,0.797062,0.792027,0.787494,0.7835,0.780082,0.77727,0.775081,0.773513,0.772551,0.772164,0.77231,0.77294,0.774002,0.777211,0.781541,0.78665,0.792238,0.798029,0.803762,0.809188,0.81409,0.818302,0.82172,0.82432,0.826145,0.82729,0.827872,0.828007,0.827793,0.82658,0.824542,0.821786,0.818394,0.8145,0.810304,0.806027,0.801879,0.798025,0.794579,0.791599,0.789099,0.787064,0.785454,0.784223,0.783315,0.782271,0.781954,0.782076,0.78242,0.782835,0.783215,0.783496,0.783645,0.783649,0.783513,0.78325,0.782879,0.782419,0.781887,0.7813,0.78067
FOXO3a_pS318_S321,0.479347,0.478872,0.478358,0.477808,0.477219,0.476589,0.47591,0.475177,0.474391,0.473553,0.472667,0.471743,0.470791,0.469821,0.468845,0.467874,0.466917,0.465074,0.463362,0.461812,0.46044,0.45926,0.458284,0.45752,0.456978,0.456664,0.456586,0.456744,0.457135,0.45775,0.458575,0.459591,0.460776,0.462815,0.465092,0.467521,0.470017,0.472501,0.474901,0.477156,0.479218,0.481052,0.482642,0.483985,0.485092,0.485982,0.486684,0.487225,0.487634,0.488148,0.48836,0.488308,0.48796,0.487241,0.486057,0.48432,0.481965,0.478971,0.475375,0.471269,0.46679,0.462097,0.457345,0.452673,0.448188,0.440081,0.433382,0.42817,0.424367,0.421811,0.420313,0.419687,0.41976,0.420381,0.421424,0.422779,0.424356,0.426081,0.427889,0.429727,0.431553,0.435028,0.438113,0.440697,0.442736,0.444234,0.445222,0.445752,0.445882,0.445673,0.445187,0.444477,0.443593,0.442577,0.441465,0.440286,0.439063
GSK3-alpha-beta_pS21_S9,1.129199,1.138074,1.146878,1.155532,1.163944,1.172028,1.179703,1.186905,1.193588,1.199722,1.205292,1.210299,1.214749,1.218663,1.222062,1.224976,1.227441,1.231183,1.233639,1.235194,1.236227,1.237077,1.238013,1.239218,1.240794,1.242766,1.245111,1.247771,1.250673,1.25374,1.256896,1.260073,1.263211,1.267732,1.271907,1.275619,1.278782,1.281318,1.283162,1.28426,1.284573,1.284088,1.282825,1.280841,1.278223,1.275081,1.271538,1.267714,1.263712,1.255492,1.247252,1.23901,1.230566,1.221657,1.212103,1.2019,1.191293,1.18079,1.171103,1.163038,1.157335,1.154523,1.154843,1.158227,1.164353,1.182766,1.205633,1.229193,1.251093,1.270189,1.286104,1.298866,1.308691,1.315888,1.320808,1.323812,1.325248,1.325437,1.324652,1.323122,1.321027,1.315653,1.309244,1.302169,1.294626,1.286743,1.278628,1.270386,1.262126,1.253953,1.245966,1.238249,1.230873,1.223891,1.217343,1.21125,1.205626
GSK3-alpha-beta_pS9,1.260985,1.274197,1.287519,1.300847,1.314065,1.327048,1.339678,1.351846,1.363457,1.374438,1.384727,1.39428,1.403068,1.41107,1.418282,1.42471,1.430367,1.439495,1.445997,1.450334,1.453048,1.454695,1.455779,1.456706,1.457758,1.459093,1.460768,1.46276,1.464999,1.467388,1.469822,1.472197,1.474418,1.477288,1.47942,1.480674,1.480975,1.480295,1.47864,1.476042,1.472548,1.468229,1.463172,1.457483,1.451282,1.444695,1.437843,1.430835,1.423764,1.40968,1.395891,1.382429,1.369177,1.355983,1.342746,1.32949,1.31641,1.303885,1.29244,1.28267,1.275121,1.270194,1.268069,1.268694,1.271818,1.28391,1.30065,1.318681,1.335649,1.350204,1.361749,1.37019,1.375728,1.378732,1.379641,1.378899,1.37692,1.37406,1.370609,1.366793,1.362773,1.354538,1.346385,1.33844,1.330685,1.32307,1.315561,1.308162,1.300902,1.293833,1.287012,1.280494,1.274328,1.268548,1.263178,1.258231,1.253708
HER2_pY1248,1.473057,1.480695,1.487901,1.494612,1.500766,1.506308,1.511195,1.515402,1.51892,1.52176,1.523945,1.525513,1.526511,1.526991,1.527011,1.526631,1.52591,1.523679,1.520757,1.517516,1.514246,1.511153,1.508372,1.505981,1.504019,1.5025,1.501421,1.50077,1.500524,1.500654,1.501123,1.50189,1.502906,1.504785,1.506922,1.509126,1.511206,1.512982,1.514282,1.514961,1.514903,1.514033,1.51233,1.509821,1.506585,1.502735,1.498404,1.493734,1.488859,1.47894,1.469302,1.460236,1.451763,1.443744,1.436004,1.42842,1.421008,1.41397,1.407702,1.402719,1.399532,1.398526,1.399859,1.403433,1.408937,1.423827,1.440561,1.456053,1.468684,1.477996,1.484168,1.487622,1.488828,1.488224,1.486193,1.483071,1.479148,1.474672,1.469854,1.464863,1.459834,1.450045,1.440993,1.432868,1.42566,1.419248,1.413463,1.408133,1.403107,1.398269,1.393538,1.388863,1.384221,1.379602,1.375012,1.37046,1.365959
JNK_pT183_pT185,0.210334,0.211974,0.213649,0.215347,0.217053,0.21875,0.220424,0.22206,0.223647,0.225177,0.226642,0.228037,0.22936,0.230608,0.23178,0.232874,0.23389,0.235688,0.237178,0.238373,0.239295,0.239974,0.240444,0.240738,0.240883,0.240902,0.240809,0.240616,0.24033,0.239959,0.239508,0.238985,0.238396,0.237404,0.236309,0.235135,0.23391,0.232654,0.23138,0.230099,0.228814,0.227526,0.22624,0.22496,0.223694,0.222456,0.221258,0.220115,0.219041,0.217138,0.215606,0.214447,0.21363,0.213103,0.21281,0.212705,0.212754,0.212945,0.213283,0.213792,0.2145,0.215428,0.216579,0.217934,0.219455,0.222771,0.226075,0.229012,0.231388,0.233131,0.234242,0.234754,0.234722,0.23421,0.233295,0.232062,0.230595,0.228975,0.227274,0.225555,0.223868,0.220728,0.218037,0.21585,0.214144,0.21286,0.211927,0.211277,0.210852,0.210607,0.210508,0.210529,0.210652,0.210863,0.211151,0.211506,0.211919
MAPK_pT202_Y204,0.112424,0.111831,0.11112,0.110321,0.109469,0.108603,0.107762,0.10698,0.10629,0.105717,0.105283,0.104999,0.104875,0.10491,0.105101,0.105437,0.105903,0.107151,0.10867,0.110279,0.11182,0.113179,0.114286,0.115109,0.115642,0.115891,0.115869,0.115594,0.115087,0.114369,0.113461,0.112385,0.11116,0.109088,0.106787,0.104322,0.101766,0.099203,0.096729,0.094444,0.092443,0.090799,0.089553,0.088709,0.088228,0.088038,0.088044,0.088136,0.088206,0.087923,0.086696,0.084391,0.081134,0.077158,0.072703,0.06797,0.063128,0.05833,0.05372,0.049441,0.045617,0.042349,0.039698,0.037691,0.03632,0.035333,0.036299,0.038679,0.041951,0.045674,0.049519,0.053277,0.056837,0.060155,0.063229,0.066072,0.068706,0.071148,0.073413,0.075514,0.077459,0.080912,0.083834,0.086292,0.088355,0.090084,0.091531,0.092734,0.093724,0.094524,0.095152,0.095626,0.095962,0.096175,0.096278,0.096285,0.09621
MEK1_pS217_S221,0.151626,0.153329,0.155075,0.156858,0.158671,0.160502,0.162343,0.16419,0.166043,0.167906,0.169786,0.171694,0.173637,0.175624,0.177659,0.179744,0.181876,0.186258,0.190723,0.195163,0.199469,0.203548,0.207332,0.210771,0.213837,0.216519,0.218817,0.220745,0.222326,0.223588,0.224568,0.225299,0.225819,0.226277,0.226445,0.226415,0.226269,0.226077,0.225899,0.225784,0.225771,0.225882,0.226124,0.226485,0.226934,0.227426,0.227902,0.228299,0.228555,0.22844,0.227275,0.224984,0.221637,0.217358,0.212274,0.206515,0.200231,0.193626,0.186953,0.180497,0.174534,0.169284,0.164885,0.16139,0.158775,0.155848,0.155268,0.156257,0.158271,0.16096,0.164078,0.167431,0.170855,0.174217,0.177416,0.180378,0.183059,0.185432,0.187487,0.189226,0.19066,0.192681,0.193718,0.193966,0.19361,0.192813,0.191715,0.190425,0.18903,0.187596,0.186173,0.184797,0.183494,0.18228,0.181166,0.180157,0.179253
NF-kB-p65_pS536,0.549325,0.551907,0.554074,0.555834,0.557197,0.558181,0.558804,0.559087,0.559051,0.558718,0.558109,0.557243,0.556142,0.554822,0.553304,0.551605,0.549746,0.545614,0.541051,0.536178,0.531086,0.525837,0.520464,0.514993,0.509451,0.503874,0.498309,0.49281,0.48743,0.482222,0.477228,0.472484,0.468018,0.461875,0.456429,0.451686,0.447632,0.444236,0.441451,0.439217,0.437466,0.436123,0.435108,0.434345,0.433757,0.433272,0.43282,0.432342,0.431787,0.430311,0.428276,0.425787,0.423082,0.420436,0.418094,0.416247,0.415032,0.414543,0.414836,0.415942,0.41786,0.420555,0.423957,0.427966,0.43246,0.442366,0.452688,0.462707,0.472003,0.480372,0.487724,0.494021,0.499252,0.503435,0.506611,0.508852,0.510248,0.510903,0.510927,0.510426,0.509499,0.506714,0.503127,0.499111,0.494897,0.490626,0.486393,0.482267,0.478306,0.474564,0.471085,0.467907,0.465056,0.462553,0.460404,0.458613,0.457173
PDK1_pS241,1.12004,1.116655,1.113276,1.109918,1.106586,1.103281,1.100006,1.096765,1.093569,1.090434,1.087378,1.084424,1.081593,1.078907,1.076384,1.074038,1.071879,1.068128,1.065088,1.062632,1.060585,1.058749,1.056953,1.055067,1.053015,1.050769,1.048341,1.045771,1.043108,1.040408,1.037721,1.035091,1.032552,1.028958,1.025658,1.022651,1.019918,1.017419,1.015114,1.012964,1.010939,1.009026,1.007228,1.005564,1.004066,1.002772,1.001722,1.000949,1.000477,1.000487,1.001749,1.004135,1.007453,1.011491,1.016042,1.020917,1.025963,1.031073,1.036198,1.041346,1.046555,1.051866,1.057283,1.062767,1.068227,1.07857,1.087322,1.093857,1.098083,1.100316,1.101056,1.100821,1.10005,1.099071,1.098108,1.097291,1.096687,1.096314,1.096158,1.096187,1.096356,1.096931,1.097525,1.097852,1.097718,1.097025,1.095755,1.09395,1.091696,1.089096,1.086263,1.083302,1.080308,1.077355,1.074503,1.071793,1.069254
PKC-alpha_pS657,0.209094,0.208719,0.208382,0.208092,0.207852,0.207667,0.207539,0.207473,0.207473,0.207543,0.207686,0.207905,0.208201,0.208575,0.209025,0.209548,0.210136,0.211483,0.212985,0.214545,0.216061,0.217436,0.218597,0.219492,0.220095,0.220404,0.22043,0.220196,0.219731,0.219067,0.218234,0.217262,0.216177,0.214392,0.212481,0.210507,0.208531,0.206606,0.204785,0.203114,0.201631,0.200369,0.199348,0.198578,0.198058,0.197777,0.197715,0.197849,0.19815,0.199139,0.200481,0.202026,0.20367,0.205339,0.206972,0.20852,0.209953,0.211262,0.212463,0.213589,0.214673,0.215738,0.216785,0.217791,0.218713,0.220087,0.220519,0.219823,0.218061,0.215467,0.212343,0.208981,0.205619,0.20243,0.199526,0.196965,0.19477,0.192939,0.191453,0.190287,0.189412,0.188417,0.188248,0.188719,0.189671,0.190975,0.192525,0.194234,0.196036,0.197881,0.199731,0.201564,0.203361,0.205114,0.206814,0.20846,0.210049
PRAS40_pT246,1.060807,1.069121,1.077718,1.086428,1.095065,1.103441,1.111377,1.118712,1.125315,1.131081,1.135941,1.139852,1.142804,1.144812,1.145916,1.14618,1.145688,1.142836,1.138263,1.13292,1.127671,1.123207,1.120006,1.118335,1.118286,1.119813,1.122783,1.127005,1.132264,1.138342,1.145029,1.152137,1.159502,1.170743,1.181913,1.192775,1.203178,1.213024,1.222248,1.230803,1.238653,1.245775,1.252163,1.257828,1.262802,1.267126,1.270858,1.274055,1.276776,1.28099,1.283807,1.285394,1.285822,1.285138,1.28342,1.280807,1.277534,1.273926,1.270384,1.267336,1.265165,1.264148,1.26442,1.265968,1.26866,1.276573,1.286175,1.295736,1.304128,1.310788,1.315539,1.318454,1.319738,1.319667,1.318545,1.316667,1.314297,1.311654,1.308902,1.306153,1.303472,1.298384,1.293564,1.28876,1.283738,1.278365,1.272622,1.266587,1.260391,1.254191,1.248144,1.242381,1.237017,1.232128,1.227769,1.223966,1.220728
Rb_pS807_S811,2.111934,2.119952,2.12782,2.13554,2.143104,2.150498,2.157715,2.164748,2.1716,2.178275,2.184775,2.191104,2.197257,2.203227,2.208994,2.214543,2.219849,2.229627,2.238139,2.245241,2.25086,2.254991,2.257692,2.259056,2.259212,2.258309,2.256507,2.253979,2.250894,2.247409,2.243665,2.239777,2.235836,2.229953,2.2242,2.218614,2.213189,2.207908,2.202773,2.197801,2.193022,2.188475,2.184187,2.180164,2.176378,2.172773,2.169256,2.165714,2.162018,2.153665,2.143337,2.130481,2.114842,2.096383,2.07528,2.051956,2.02716,2.00199,1.977819,1.956118,1.938221,1.925103,1.917236,1.91458,1.916651,1.931714,1.955205,1.980854,2.004581,2.024256,2.039046,2.048853,2.05397,2.054914,2.052304,2.046811,2.039094,2.029773,2.019396,2.008435,1.997276,1.975521,1.955786,1.938869,1.924987,1.91399,1.905538,1.899208,1.894594,1.891343,1.889169,1.887866,1.887281,1.887308,1.887875,1.888929,1.890431
S6_pS235_S236,2.705522,2.741196,2.779861,2.820983,2.863851,2.907669,2.95164,2.995025,3.03719,3.077614,3.115888,3.151708,3.18485,3.215173,3.242597,3.2671,3.288715,3.323656,3.348579,3.36514,3.375222,3.380668,3.383066,3.383653,3.383308,3.382607,3.381904,3.381413,3.381264,3.381534,3.382269,3.383482,3.385152,3.388407,3.392302,3.396485,3.400595,3.404314,3.407407,3.40973,3.411215,3.411849,3.411649,3.410642,3.408861,3.406332,3.403086,3.399148,3.394551,3.383518,3.370314,3.355325,3.339028,3.322046,3.305174,3.289404,3.27588,3.265818,3.260391,3.260602,3.267142,3.280286,3.29987,3.325308,3.355686,3.426724,3.503757,3.579095,3.647748,3.707246,3.75694,3.797269,3.829217,3.853959,3.872655,3.886346,3.8959,3.902007,3.905188,3.90582,3.904156,3.894557,3.877172,3.852509,3.821252,3.784392,3.743216,3.699152,3.653636,3.607987,3.563315,3.520498,3.480182,3.442797,3.408593,3.377676,3.350043
S6_pS240_S244,1.002217,1.013305,1.025107,1.037561,1.050574,1.064037,1.077839,1.091874,1.106049,1.120286,1.13452,1.148697,1.162771,1.176698,1.19044,1.203959,1.217223,1.242862,1.267169,1.290059,1.311536,1.331668,1.350538,1.368211,1.384732,1.400122,1.414398,1.427577,1.439683,1.450745,1.460793,1.469854,1.477954,1.488338,1.49664,1.502893,1.507136,1.509427,1.509838,1.508454,1.505364,1.500657,1.494415,1.486723,1.477667,1.46734,1.455844,1.443289,1.429792,1.400431,1.368614,1.335021,1.300179,1.264526,1.228504,1.192614,1.157449,1.123693,1.092084,1.063341,1.038074,1.016699,0.999408,0.986161,0.976733,0.967839,0.96925,0.977495,0.989687,1.003634,1.017792,1.031152,1.043128,1.053439,1.062012,1.06891,1.074271,1.078274,1.081107,1.082956,1.083994,1.08425,1.082916,1.08075,1.07826,1.075745,1.07335,1.071116,1.069023,1.067026,1.065076,1.063126,1.061145,1.059111,1.057012,1.054847,1.052617
STAT3_pY705,0.191052,0.191732,0.192362,0.192938,0.193456,0.193914,0.19431,0.194646,0.194922,0.195141,0.195308,0.195425,0.195497,0.195528,0.195524,0.195486,0.195421,0.195219,0.194944,0.194615,0.194243,0.193832,0.19338,0.192886,0.192346,0.19176,0.191131,0.190459,0.18975,0.189006,0.188233,0.187435,0.186616,0.185363,0.184097,0.182842,0.181623,0.180464,0.179388,0.178412,0.177547,0.176801,0.176175,0.175665,0.175266,0.174966,0.174757,0.174626,0.174564,0.174615,0.174873,0.175326,0.175976,0.176814,0.177811,0.178913,0.180051,0.181152,0.18215,0.183,0.18368,0.184189,0.184541,0.184757,0.184858,0.184802,0.184515,0.184107,0.183654,0.183205,0.182784,0.182401,0.182059,0.181758,0.181496,0.181271,0.18108,0.180919,0.180785,0.180676,0.180588,0.180468,0.180412,0.18041,0.180453,0.180531,0.180635,0.180753,0.18088,0.181008,0.181134,0.181255,0.18137,0.181479,0.181583,0.181681,0.181774
Src_pY416,0.092809,0.092493,0.092202,0.091942,0.091715,0.091527,0.09138,0.091278,0.091221,0.091212,0.091252,0.091341,0.091476,0.091658,0.091881,0.092143,0.092438,0.093104,0.093821,0.094529,0.09517,0.095697,0.096075,0.096285,0.09632,0.096185,0.09589,0.095451,0.094887,0.09422,0.093469,0.092654,0.091794,0.090457,0.089104,0.087775,0.086501,0.085305,0.084208,0.083224,0.082364,0.081632,0.08103,0.080553,0.080192,0.079934,0.079764,0.079665,0.079623,0.079645,0.079736,0.079838,0.079919,0.07997,0.079984,0.07996,0.079905,0.079825,0.079735,0.079654,0.0796,0.079588,0.079627,0.079716,0.079849,0.080188,0.080517,0.080735,0.080802,0.080731,0.080569,0.08037,0.08018,0.080032,0.079942,0.079914,0.07994,0.080009,0.080108,0.080225,0.080348,0.08058,0.080764,0.08089,0.080963,0.080999,0.081011,0.081013,0.081016,0.081029,0.081057,0.081104,0.081172,0.081261,0.081371,0.081499,0.081643
Src_pY527,1.298393,1.302818,1.306716,1.310121,1.313075,1.315632,1.317849,1.319794,1.32153,1.323121,1.324628,1.326101,1.32758,1.3291,1.330683,1.332342,1.334083,1.337779,1.341644,1.345454,1.348938,1.351841,1.353958,1.355163,1.355409,1.354705,1.353107,1.350697,1.347567,1.343815,1.339538,1.334827,1.329764,1.321674,1.313184,1.304487,1.295754,1.28714,1.278787,1.270816,1.26333,1.256409,1.250103,1.244445,1.239438,1.235064,1.23128,1.228033,1.225257,1.220853,1.217605,1.215199,1.213456,1.212275,1.211604,1.211448,1.211907,1.213196,1.215631,1.219573,1.225328,1.233064,1.242734,1.254069,1.266622,1.293104,1.317781,1.33758,1.351267,1.359035,1.361813,1.360748,1.356902,1.351151,1.344166,1.336447,1.328367,1.320199,1.312144,1.304351,1.296924,1.283434,1.271955,1.262482,1.254836,1.248752,1.243938,1.240114,1.237043,1.23453,1.232432,1.230642,1.229088,1.227722,1.226511,1.225435,1.22448
TAZ_pS89,0.623375,0.624872,0.626182,0.627317,0.628277,0.629055,0.629642,0.630027,0.630205,0.63018,0.629956,0.629551,0.628984,0.628278,0.627455,0.62654,0.625553,0.623443,0.62127,0.619162,0.617244,0.615629,0.614409,0.613649,0.613384,0.613629,0.614379,0.615615,0.617306,0.61941,0.621875,0.624643,0.627655,0.632495,0.637552,0.642654,0.647649,0.652404,0.656798,0.660719,0.664069,0.666762,0.668731,0.669932,0.670342,0.669962,0.668812,0.666925,0.664346,0.657303,0.64805,0.636879,0.623991,0.609534,0.593661,0.576581,0.558609,0.540184,0.521852,0.504212,0.487837,0.473198,0.460621,0.450277,0.442198,0.432456,0.430085,0.433407,0.440786,0.450771,0.462142,0.473927,0.485408,0.496102,0.505733,0.514182,0.521441,0.527571,0.532672,0.536852,0.540223,0.544941,0.547508,0.548437,0.548097,0.546755,0.544599,0.541769,0.538364,0.534461,0.530123,0.525402,0.520345,0.514997,0.509403,0.503604,0.497642
YAP_pS127,0.400403,0.396889,0.393273,0.389579,0.385841,0.382094,0.378374,0.374716,0.371152,0.367706,0.3644,0.36125,0.358268,0.355462,0.352838,0.350397,0.348138,0.344153,0.340829,0.33809,0.335843,0.333996,0.332467,0.33119,0.330114,0.3292,0.328418,0.327746,0.327167,0.326667,0.326235,0.32586,0.325534,0.325124,0.324792,0.32453,0.324335,0.324212,0.32417,0.324226,0.324396,0.324698,0.325146,0.325753,0.326521,0.327449,0.328525,0.329733,0.331054,0.333951,0.337079,0.340343,0.343684,0.347042,0.350338,0.353486,0.356408,0.359056,0.361424,0.363546,0.365477,0.367271,0.368958,0.370534,0.371961,0.374135,0.375008,0.374315,0.372091,0.368582,0.364129,0.359067,0.353687,0.348221,0.342845,0.337693,0.332857,0.328403,0.324368,0.32077,0.31761,0.312551,0.309008,0.306736,0.305479,0.304996,0.305075,0.305534,0.306224,0.307025,0.307846,0.308622,0.309307,0.309873,0.310303,0.310594,0.310747
YB-1_PS102,0.559568,0.562081,0.564363,0.566399,0.568171,0.569664,0.570864,0.571763,0.572356,0.572645,0.572636,0.572339,0.571766,0.570935,0.569861,0.568562,0.567057,0.563506,0.559365,0.554798,0.549978,0.545073,0.540243,0.535622,0.531313,0.527386,0.523878,0.520798,0.518137,0.515868,0.51396,0.512374,0.511074,0.509584,0.508564,0.507945,0.507694,0.5078,0.50827,0.509119,0.510357,0.511979,0.513964,0.516267,0.518827,0.521568,0.524407,0.527264,0.530068,0.535313,0.539921,0.543922,0.547496,0.550837,0.554074,0.557236,0.560263,0.563043,0.565447,0.567373,0.568767,0.569625,0.569986,0.569919,0.569506,0.567975,0.565969,0.563873,0.561873,0.56001,0.558244,0.556506,0.554724,0.552833,0.550778,0.548523,0.54605,0.54336,0.54047,0.537415,0.534238,0.527719,0.521312,0.515345,0.510034,0.505482,0.501704,0.498657,0.496272,0.494471,0.493185,0.492351,0.491922,0.491857,0.492124,0.492694,0.493546
c-JUN_pS73,0.351546,0.353745,0.35589,0.357958,0.359922,0.361752,0.363422,0.364909,0.366195,0.367271,0.368132,0.36878,0.369221,0.369465,0.369526,0.369418,0.369157,0.368242,0.366921,0.365331,0.363605,0.361853,0.360164,0.358601,0.357205,0.355996,0.354983,0.354164,0.353533,0.353076,0.35278,0.352632,0.352616,0.35282,0.353271,0.353952,0.354852,0.355961,0.357261,0.358731,0.36034,0.362054,0.363833,0.365642,0.367444,0.369211,0.370915,0.372541,0.374077,0.37687,0.379327,0.381528,0.383546,0.385419,0.387138,0.388655,0.389908,0.390843,0.391437,0.391706,0.391696,0.391472,0.391101,0.39064,0.390136,0.389112,0.388179,0.387411,0.386843,0.386475,0.386278,0.386205,0.386202,0.386222,0.386232,0.386211,0.386155,0.386068,0.385964,0.385863,0.385787,0.385788,0.386109,0.386832,0.387976,0.389508,0.391361,0.393456,0.395715,0.39807,0.400468,0.402871,0.405255,0.407603,0.409907,0.412165,0.414375
c-Met_pY1235,0.456343,0.4554,0.454568,0.453846,0.45323,0.452711,0.452282,0.451936,0.451667,0.451473,0.451352,0.451306,0.451335,0.451443,0.451632,0.451902,0.452252,0.453179,0.454367,0.455738,0.457197,0.458649,0.460012,0.461222,0.462241,0.463049,0.463643,0.464029,0.464223,0.46424,0.464102,0.463825,0.463429,0.46265,0.461694,0.460609,0.459435,0.458208,0.456954,0.455698,0.454455,0.453239,0.452064,0.45094,0.44988,0.448896,0.447998,0.447196,0.446493,0.445377,0.444587,0.443999,0.443485,0.442953,0.442373,0.441772,0.44122,0.440808,0.440628,0.440762,0.441267,0.442172,0.443471,0.445127,0.447077,0.451512,0.456035,0.459986,0.462942,0.464753,0.465481,0.465321,0.464512,0.463287,0.461838,0.460309,0.458801,0.45738,0.456087,0.454947,0.453971,0.45253,0.451757,0.451596,0.45196,0.452742,0.453831,0.455117,0.45651,0.457934,0.459336,0.460677,0.461937,0.463103,0.46417,0.465141,0.466019
c-Raf_pS338,0.382002,0.380192,0.37846,0.376829,0.375323,0.373963,0.372769,0.371765,0.370968,0.370396,0.370062,0.369973,0.370133,0.370538,0.37118,0.372045,0.373114,0.375771,0.378932,0.382351,0.385786,0.389028,0.391918,0.394353,0.396276,0.397673,0.398559,0.398969,0.398952,0.398566,0.397874,0.396937,0.395816,0.393911,0.391881,0.389866,0.38798,0.386311,0.384929,0.383883,0.383204,0.382908,0.382991,0.383435,0.384205,0.385252,0.386517,0.387932,0.389428,0.392407,0.395047,0.397125,0.398567,0.399391,0.399668,0.399514,0.399103,0.398665,0.398476,0.398823,0.39995,0.402014,0.405059,0.409009,0.413693,0.42429,0.434834,0.443728,0.450137,0.453905,0.455313,0.454845,0.453015,0.450282,0.447016,0.443492,0.439914,0.436424,0.433127,0.430096,0.427386,0.423071,0.420356,0.419263,0.419697,0.42147,0.424348,0.428078,0.432422,0.437173,0.442161,0.447258,0.452369,0.45743,0.462398,0.467248,0.471966
mTOR_pS2448,0.530869,0.535957,0.540994,0.545968,0.550864,0.55567,0.560372,0.564966,0.569449,0.573824,0.578094,0.582264,0.586339,0.59032,0.594207,0.597998,0.601684,0.608703,0.615161,0.620937,0.625927,0.630065,0.633331,0.635749,0.637374,0.638275,0.63853,0.638217,0.637411,0.636182,0.634594,0.632706,0.630565,0.626971,0.623015,0.618786,0.614361,0.609816,0.60523,0.600683,0.596254,0.592017,0.588035,0.584359,0.581022,0.578043,0.575422,0.573147,0.571192,0.568101,0.565826,0.564038,0.562438,0.560776,0.558852,0.556546,0.553836,0.550809,0.547656,0.544632,0.542003,0.539986,0.538709,0.538197,0.538381,0.540255,0.543003,0.545491,0.547068,0.547519,0.546894,0.545365,0.543137,0.540404,0.537331,0.534059,0.530703,0.527363,0.524119,0.521041,0.518185,0.513304,0.509699,0.507438,0.506463,0.506625,0.507725,0.509544,0.511869,0.514511,0.517315,0.520162,0.522961,0.525655,0.528204,0.530588,0.532798
p27_pT157,0.630332,0.631047,0.6318,0.632578,0.633367,0.634151,0.634911,0.635634,0.636309,0.636929,0.637493,0.638003,0.638464,0.638884,0.639269,0.639628,0.639968,0.640608,0.641213,0.641786,0.642317,0.642796,0.643215,0.643574,0.643877,0.64413,0.644338,0.644504,0.644625,0.644698,0.644716,0.644671,0.644558,0.644248,0.643767,0.643123,0.642337,0.641439,0.64046,0.639428,0.638369,0.637302,0.636242,0.635208,0.634216,0.633284,0.632434,0.631687,0.631058,0.630199,0.629867,0.62996,0.630306,0.630726,0.631068,0.631235,0.63119,0.63095,0.630582,0.630187,0.629878,0.629758,0.6299,0.630342,0.631077,0.633255,0.635932,0.638574,0.6408,0.642422,0.643403,0.643801,0.643712,0.643243,0.642488,0.641528,0.640426,0.639234,0.637993,0.636737,0.635497,0.633158,0.631123,0.629472,0.62822,0.62733,0.626728,0.626331,0.626053,0.625826,0.625594,0.625321,0.624984,0.624571,0.624079,0.623511,0.622871
p27_pT198,0.448318,0.44767,0.447137,0.446704,0.446357,0.446082,0.445862,0.445686,0.445546,0.445436,0.445351,0.445292,0.445259,0.445254,0.445277,0.445331,0.445416,0.445671,0.446016,0.446402,0.446768,0.447056,0.447215,0.447209,0.447021,0.446642,0.446078,0.445338,0.444435,0.443386,0.442208,0.440921,0.439544,0.437352,0.435074,0.432787,0.430568,0.428495,0.42664,0.425069,0.423833,0.422975,0.422521,0.422488,0.422879,0.42369,0.424904,0.426502,0.428457,0.433312,0.439215,0.445913,0.453182,0.460832,0.468689,0.476581,0.484323,0.491711,0.498541,0.504633,0.509859,0.514155,0.517524,0.520023,0.521743,0.523277,0.522953,0.521407,0.519047,0.51613,0.512831,0.50929,0.505625,0.501933,0.498291,0.494752,0.491353,0.488116,0.485055,0.482179,0.479493,0.474698,0.470668,0.467371,0.464745,0.462711,0.461178,0.460056,0.459263,0.458732,0.458406,0.458245,0.458215,0.458292,0.458456,0.458691,0.458985
p38_pT180_Y182,0.173407,0.173504,0.173605,0.173712,0.173826,0.173951,0.174093,0.174256,0.174445,0.174666,0.174922,0.175214,0.175544,0.17591,0.176311,0.176742,0.177202,0.178186,0.179228,0.180299,0.181369,0.182419,0.183428,0.18438,0.185258,0.186049,0.18674,0.187325,0.187797,0.188154,0.188394,0.188518,0.188528,0.188332,0.187896,0.187232,0.186361,0.185306,0.184093,0.182751,0.18131,0.179799,0.17825,0.176691,0.17515,0.173652,0.172219,0.170868,0.169612,0.167416,0.165653,0.164294,0.163276,0.162525,0.16197,0.161558,0.16126,0.161073,0.161013,0.161108,0.161386,0.161867,0.162551,0.16342,0.164441,0.166758,0.169143,0.171325,0.17316,0.174601,0.17565,0.176332,0.17668,0.176733,0.176533,0.176124,0.175552,0.174857,0.174079,0.17325,0.172397,0.170696,0.16909,0.167628,0.166322,0.165158,0.164111,0.163152,0.162255,0.1614,0.160569,0.159751,0.15894,0.15813,0.157319,0.156507,0.155695
p70S6K_pT389,2.006137,2.055517,2.103229,2.14879,2.191715,2.231552,2.267903,2.300435,2.328896,2.353109,2.37296,2.388402,2.399444,2.406144,2.408613,2.407011,2.401551,2.380138,2.346993,2.305298,2.258496,2.209925,2.162487,2.118411,2.079174,2.04555,2.017741,1.995537,1.978472,1.965953,1.957341,1.952019,1.949428,1.949623,1.953607,1.96051,1.969794,1.981153,1.994405,2.009397,2.025944,2.043806,2.062671,2.082174,2.101914,2.121481,2.14047,2.158521,2.175331,2.204407,2.226879,2.243054,2.253917,2.260689,2.264561,2.266608,2.267822,2.269165,2.271593,2.276018,2.283217,2.293733,2.307815,2.32541,2.346208,2.395338,2.450424,2.50682,2.560833,2.609819,2.652009,2.686329,2.712274,2.729824,2.739342,2.741482,2.737078,2.727054,2.712333,2.693791,2.672212,2.622565,2.567599,2.51011,2.451921,2.394244,2.337962,2.283763,2.232227,2.183841,2.139004,2.098008,2.061055,2.028237,1.999563,1.97496,1.954298
p90RSK_pT359_S363,0.589298,0.591466,0.593492,0.595375,0.59712,0.59873,0.60021,0.601567,0.602807,0.603935,0.604956,0.605875,0.606692,0.607411,0.608032,0.608555,0.60898,0.609539,0.609715,0.60953,0.609018,0.608235,0.607248,0.606131,0.604958,0.603787,0.602664,0.601616,0.600654,0.599774,0.598966,0.598209,0.597482,0.596394,0.595241,0.59396,0.592507,0.590859,0.589014,0.586988,0.584809,0.582512,0.580135,0.577717,0.575293,0.572892,0.57054,0.56826,0.566068,0.56201,0.558464,0.555509,0.553207,0.551605,0.550733,0.550592,0.551156,0.55238,0.554201,0.556555,0.559377,0.562601,0.566155,0.569957,0.573913,0.581884,0.589289,0.595519,0.600235,0.603359,0.605021,0.605467,0.604983,0.603846,0.602284,0.600475,0.598545,0.596582,0.594648,0.592784,0.59102,0.587873,0.585311,0.583368,0.582014,0.581174,0.580746,0.58062,0.580695,0.580884,0.581125,0.581374,0.581603,0.581798,0.581953,0.58207,0.582153
